8Yy8RpHWUZ9,以军空袭拉法酿18人亡，西岸突袭行动持续,ifeng 没有简介,2734 点赞,ifeng 没有频道
8YxEFr821sQ,卫星图像显示遇袭以军基地并未严重受损,ifeng 没有简介,21810 点赞,ifeng 没有频道
8Yy7iuTWveN,粤语报道｜香港天文台一度发黄雨警告 山顶有大树倒塌,ifeng 没有简介,1115 点赞,ifeng 没有频道
8YxuUVwIzdX,打官司拼竞选两头犯难 特朗普入不敷出？,ifeng 没有简介,3166 点赞,ifeng 没有频道
8YyHgR4KcXH,墨西哥经济部长：不存在中美墨钢铝“三角贸易”,ifeng 没有简介,1687 点赞,ifeng 没有频道
8YyMdfR2q3I,广东英德：转移群众近两万人 抗洪救灾进行中,ifeng 没有简介,318 点赞,ifeng 没有频道
8YuGVGGfyyc,昆明一副检察长被人发帖举报，单位：已向上级反映和汇报,ifeng 没有简介,33318 点赞,ifeng 没有频道
8Xu1LFhVagH,用京剧不好找工作，为了生活我开始接舞台剧，但很多动作因为肌肉记忆我常常被骂,ifeng 没有简介,16774 点赞,ifeng 没有频道
8YyKvgT3zlh,4-3！马龙上演让3追4，第三次夺男单世界冠军，张继科赛前说对了,ifeng 没有简介,665 点赞,ifeng 没有频道
8YyC3tBycJF,AI合成主播｜中甲：大连英博战胜延边龙鼎领跑积分榜,ifeng 没有简介,1314 点赞,ifeng 没有频道
v002KOBR11oeyz0--bNy0lbprIZQUSW--Np-_bLWlIVM9XWlbm--yuJAZ7YBxSr399-_YWRJt--OG--BpaoxmX2ZNNJ9YdK8A____,中东混战一夜升级，伊朗以1挑33，以军战机猛烈报复，空域已关闭,ifeng 没有简介,4274 点赞,ifeng 没有频道
v0023N--4fgO6J08rihuYJx5jVJD6YDpSL6-_W8cnxj7k9mh6ePZnUuVcE-_4JQTRIZHpAu8QXxUjs5ya4rqqSNNnq-_--w____,以色列袭击中东3国，伊拉克政客：战争一触即发,ifeng 没有简介,21398 点赞,ifeng 没有频道
v002F40F9dDVO4Y82hqdJP5lHpco35X02bYslgRdxQ3w9hMgl7seBNVXC-_p1Bu3peDNuvtnkozO--Zhff7zhgNJ--CAQ____,凤凰观察：伊朗以色列针锋相对恐令中东局势发生质变？,ifeng 没有简介,22450 点赞,ifeng 没有频道
v002KL5Dh1heWRSvyGPKWvuk7BF4bGb--YnZLN0a1CK689lM5Gw8ivwTOpbEh2ZJGrZHiDJ--mWr1r2bpfxQH6HA5--mw____,以色列同时袭击中东三国，用了哪一款导弹？,ifeng 没有简介,3300 点赞,ifeng 没有频道
v002tkUmjwRZpcJFMJb7pUU6--OprN--3rfabDuBks2MslchEVrGkl0riEiqkbXSoU83tXVla-_kr8QN2Sf8dQnyAtySw____,中东局势持续升级，伊以双方有何部署策略？,ifeng 没有简介,2794 点赞,ifeng 没有频道
v002iW90UIHO-_X9L1JSKvrD9m5Ozc-_g0XFkB038gMjkn--porgvoecraimM29eaCmhEGtuqWbptENqssacShnbxKR7Q____,中东彻底乱了，又一强劲势力卷入伊以战局，对当前局势有何影响？,ifeng 没有简介,4902 点赞,ifeng 没有频道
v002eXp5kkgyI3XqjrbgiYj0oVflalZh6nrRhFOckkmd0qWe3qrcalCtuw1pkMe4lSKqEqyPrYio9jvlHUjps3Nk1A____,巴勒斯坦“入联”失败，如何影响哈以冲突和中东乱局？,ifeng 没有简介,4956 点赞,ifeng 没有频道
v002ffPHy0IDsdEk8RmNzL1bD8k5zdKJMk7iyef2XonfgA2Y1XFSWyYElhVwiv1Q4Jkikv0xLT4Ste1B--rUTjA9wrg____,联合国秘书长重申中东要停止报复循环,ifeng 没有简介,3986 点赞,ifeng 没有频道
v0028RHfGQ-_3ORcL7O8S--DG5GyV1PkVoA2YIMySKIWQhD7uE0uv7j48ZWokop2iIXZ3Ch0TfZFNsVolP321BF0Ei4w____,以色列袭击中东三国 伊拉克政客：战争一触即发,ifeng 没有简介,7465 点赞,ifeng 没有频道
v002dH--5FyVhXlTN1tlcSECMeguBcyR8Kn7Tjfj-_bFTHMfJ9AI1iSxZvd22tkJuIqvGkZBHEhvMnmI2OKYrNkaHg--w____,美三大股指涨跌互见 投资人评估中东局势,ifeng 没有简介,2291 点赞,ifeng 没有频道
