J1Bpikg6SUYCoO1kHwnzStPBHtg,伊朗对以色列展开无人机和导弹打击。持续关注！,ku6 没有简介,None,ku6 没有频道
0kBZ8kWbgmV-Fr24u9XUgzBPVHg,“Thurman猫一杯”被多平台封号，警方披露其编造“秦朗丢作业”详情,ku6 没有简介,None,ku6 没有频道
44vYsM7UBVAEZ8ZbQ4r_k5-4nbw,国风动画｜春暖情长，总书记引经据典话新春,ku6 没有简介,None,ku6 没有频道
37i59RdhW_xXuCzphK4bfnNnC3I,江西新余“1·24”火灾事故 起火原因初步查明涉事机构负责人已被控制,ku6 没有简介,None,ku6 没有频道
l-hm6HsK4uJZmI8bSlNr3k160-g,习近平同美国总统拜登通电话,ku6 没有简介,None,ku6 没有频道
iLJrbxKr9rLXN1aX22frRMr7C6E,卫健委紧急提醒：冬季急性呼吸道疾病高发！多种疾病叠加，如何防护？,ku6 没有简介,None,ku6 没有频道
lqmYxHeTTC9x8PuII06TMgDBQhQ,日本核污染水排海 动画演示排放过程：约1000秒后入海,ku6 没有简介,None,ku6 没有频道
zFWzGxx9iLBtNtJI08Rx82WiySo,外交部网络事务协调员独家揭秘：只要无底线抹黑中国 就能换取美政府拨款 #中国发布伏特台风黑客组织溯源报告,ku6 没有简介,None,ku6 没有频道
6kpMeoBNu8DC7Rp6Tw0B7XxVVuU,震撼发布：中国空间站等你来出差,ku6 没有简介,None,ku6 没有频道
P67b-grgasqqc3YhVp8CEnR_FvI,「新春走基层」甘肃金昌：锣鼓喧天闹新春 社火表演年味浓,ku6 没有简介,None,ku6 没有频道
